estimate,ll,ul
3.3557886783327183e-6,2.543048679170949e-6,4.40191798776082e-6
3.226457572286867,3.178808737238496,3.275121277293853
