parameter,estimate,ll,ul
a,1.1384416184707373e-5,8.772712163309901e-6,1.4691811799345957e-5
b,3.109407165066646,3.063179061717695,3.156615959556069
