estimate,ll,ul,parameter
-7.210447122686356,-14.704687140402433,0.2837928950297215,int
0.8613323805635098,0.8358790873959924,0.8867856737310272,slope
