parameter,estimate,ll,ul
a,3.3557886783327183e-6,2.8546679656065765e-6,3.937109701542324e-6
b,3.226457572286867,3.1984106744970244,3.254853974438233
