parameter,estimate,ll,ul
a,1.1384416184707373e-5,9.779137009949285e-6,1.3229097183726037e-5
b,3.109407165066646,3.0821949950989316,3.136953217034246
